id,en_term,da_term,domain,subdomain,source_ref,source_url,context_en,context_da,status,confidence,added_utc,job_run
TB-0001,medical device,medicinsk udstyr,regulatory,MDR definitions,MDR 2017/745 Art. 2(1),https://eur-lex.europa.eu/legal-content/EN/TXT/HTML/?uri=CELEX:32017R0745,"‘medical device’ means any instrument, apparatus, appliance, software, implant, reagent, material or other article intended by the manufacturer to be used, alone or in …","»medicinsk udstyr«: ethvert instrument, apparat, udstyr, software, implantat, reagens, materiale eller anden genstand, som ifølge fabrikanten er bestemt til anvendelse, …",verified,0.95,2026-09-25T00:00:00Z,seed-2026-09-25;reverified:t0-termbase-2026-09-27
TB-0002,manufacturer,fabrikant,regulatory,MDR definitions,MDR 2017/745 Art. 2(30),https://eur-lex.europa.eu/legal-content/EN/TXT/HTML/?uri=CELEX:32017R0745,"‘manufacturer’ means a natural or legal person who manufactures or fully refurbishes a device or has a device designed, manufactured or fully refurbished, and markets …","»fabrikant«: en fysisk eller juridisk person, som fremstiller eller nyistandsætter udstyr, eller som får udstyr designet, fremstillet eller nyistandsat og markedsfører …",verified,0.95,2026-09-25T00:00:00Z,seed-2026-09-25;reverified:t0-termbase-2026-09-27
TB-0003,authorised representative,bemyndiget repræsentant,regulatory,synonym-of:TB-0047,MDR 2017/745 Art. 2(32),https://eur-lex.europa.eu/legal-content/EN/TXT/HTML/?uri=CELEX:32017R0745,"‘authorised representative’ means any natural or legal person established within the Union who has received and accepted a written mandate from a manufacturer, located …","NOTE: seed DA term »bemyndiget repræsentant« does not occur in MDR-DA Art. 2(32). Official MDR-DA term: »autoriseret repræsentant« (see TB-0047). »autoriseret repræsentant«: enhver fysisk eller juridisk person, der er etableret i Unionen, og som har modtaget og accepteret en skriftlig fuldmagt fra en fabrikant …",candidate,0.3,2026-09-25T00:00:00Z,seed-2026-09-25;reverified:t0-termbase-2026-09-27
TB-0004,importer,importør,regulatory,MDR definitions,MDR 2017/745 Art. 2(33),https://eur-lex.europa.eu/legal-content/EN/TXT/HTML/?uri=CELEX:32017R0745,‘importer’ means any natural or legal person established within the Union that places a device from a third country on the Union market;,"»importør«: enhver fysisk eller juridisk person, der er etableret i Unionen, og som bringer udstyr fra et tredjeland i omsætning på EU-markedet",verified,0.95,2026-09-25T00:00:00Z,seed-2026-09-25;reverified:t0-termbase-2026-09-27
TB-0005,distributor,distributør,regulatory,MDR definitions,MDR 2017/745 Art. 2(34),https://eur-lex.europa.eu/legal-content/EN/TXT/HTML/?uri=CELEX:32017R0745,"‘distributor’ means any natural or legal person in the supply chain, other than the manufacturer or the importer, that makes a device available on the market, up until …","»distributør«: enhver fysisk eller juridisk person i forsyningskæden, bortset fra fabrikanten eller importøren, som gør udstyr tilgængeligt på markedet indtil …",verified,0.95,2026-09-25T00:00:00Z,seed-2026-09-25;reverified:t0-termbase-2026-09-27
TB-0006,notified body,bemyndiget organ,regulatory,MDR definitions,MDR 2017/745 Art. 2(42),https://eur-lex.europa.eu/legal-content/EN/TXT/HTML/?uri=CELEX:32017R0745,‘notified body’ means a conformity assessment body designated in accordance with this Regulation;,"»bemyndiget organ«: et overensstemmelsesvurderingsorgan, der er udpeget i overensstemmelse med denne forordning",verified,0.95,2026-09-25T00:00:00Z,seed-2026-09-25;reverified:t0-termbase-2026-09-27
TB-0007,conformity assessment,overensstemmelsesvurdering,regulatory,MDR definitions,MDR 2017/745 Art. 2(40),https://eur-lex.europa.eu/legal-content/EN/TXT/HTML/?uri=CELEX:32017R0745,‘conformity assessment’ means the process demonstrating whether the requirements of this Regulation relating to a device have been fulfilled;,"»overensstemmelsesvurdering«: en proces til påvisning af, om denne forordnings krav vedrørende et udstyr er blevet opfyldt",verified,0.95,2026-09-25T00:00:00Z,seed-2026-09-25;reverified:t0-termbase-2026-09-27
TB-0008,instructions for use,brugsanvisning,regulatory,MDR definitions,MDR 2017/745 Art. 2(14),https://eur-lex.europa.eu/legal-content/EN/TXT/HTML/?uri=CELEX:32017R0745,‘instructions for use’ means the information provided by the manufacturer to inform the user of a device's intended purpose and proper use and of any precautions to be …,"»brugsanvisning«: oplysninger, som fabrikanten stiller til rådighed for at informere om et udstyrs erklærede formål, om korrekt anvendelse af udstyret og om eventuelle …",verified,0.95,2026-09-25T00:00:00Z,seed-2026-09-25;reverified:t0-termbase-2026-09-27
TB-0009,intended purpose,erklæret formål,regulatory,MDR definitions,MDR 2017/745 Art. 2(12),https://eur-lex.europa.eu/legal-content/EN/TXT/HTML/?uri=CELEX:32017R0745,"‘intended purpose’ means the use for which a device is intended according to the data supplied by the manufacturer on the label, in the instructions for use or in …","»erklæret formål«: den anvendelse, som et udstyr er bestemt til ifølge fabrikantens oplysninger på mærkningen, ifølge brugsanvisningen eller ifølge salgsfremmende …",verified,0.95,2026-09-25T00:00:00Z,seed-2026-09-25;reverified:t0-termbase-2026-09-27
TB-0010,post-market surveillance,"overvågning, efter at udstyret er bragt i omsætning",regulatory,MDR definitions,MDR 2017/745 Art. 2(60),https://eur-lex.europa.eu/legal-content/EN/TXT/HTML/?uri=CELEX:32017R0745,‘post-market surveillance’ means all activities carried out by manufacturers in cooperation with other economic operators to institute and keep up to date a systematic …,"»overvågning, efter at udstyret er bragt i omsætning«: alle aktiviteter, som fabrikanter i samarbejde med andre erhvervsdrivende udfører for at etablere og opdatere en …",verified,0.95,2026-09-25T00:00:00Z,seed-2026-09-25;reverified:t0-termbase-2026-09-27
TB-0011,serious incident,alvorlig hændelse,regulatory,MDR definitions,MDR 2017/745 Art. 2(65),https://eur-lex.europa.eu/legal-content/EN/TXT/HTML/?uri=CELEX:32017R0745,"‘serious incident’ means any incident that directly or indirectly led, might have led or might lead to any of the following:","»alvorlig hændelse«: enhver hændelse, som direkte eller indirekte førte, kunne have ført eller kunne føre til et af følgende udfald:",verified,0.95,2026-09-25T00:00:00Z,seed-2026-09-25;reverified:t0-termbase-2026-09-27
TB-0012,field safety corrective action,sikkerhedsrelateret korrigerende handling,regulatory,MDR definitions,MDR 2017/745 Art. 2(68),https://eur-lex.europa.eu/legal-content/EN/TXT/HTML/?uri=CELEX:32017R0745,‘field safety corrective action’ means corrective action taken by a manufacturer for technical or medical reasons to prevent or reduce the risk of a serious incident in …,»sikkerhedsrelateret korrigerende handling«: korrigerende handling foretaget af en fabrikant af tekniske eller medicinske årsager for at forebygge eller mindske risikoen …,verified,0.95,2026-09-25T00:00:00Z,seed-2026-09-25;reverified:t0-termbase-2026-09-27
TB-0013,unique device identifier,unik udstyrsidentifikation,regulatory,synonym-of:TB-0033,MDR 2017/745 Art. 2(15),https://eur-lex.europa.eu/legal-content/EN/TXT/HTML/?uri=CELEX:32017R0745,‘Unique Device Identifier’ (‘UDI’) means a series of numeric or alphanumeric characters that is created through internationally accepted device identification and coding …,"NOTE: seed DA term »unik udstyrsidentifikation« is a truncation; MDR-DA Art. 2(15) uses the compound with -kode. Official MDR-DA term: »unik udstyrsidentifikationskode« (see TB-0033). »unik udstyrsidentifikationskode« (»UDI«): en række numeriske eller alfanumeriske tegn, der udformes ved hjælp af internationalt anerkendte udstyrsidentifikations- og …",candidate,0.4,2026-09-25T00:00:00Z,seed-2026-09-25;reverified:t0-termbase-2026-09-27
TB-0014,clinical evaluation,klinisk evaluering,regulatory,MDR definitions,MDR 2017/745 Art. 2(44),https://eur-lex.europa.eu/legal-content/EN/TXT/HTML/?uri=CELEX:32017R0745,"‘clinical evaluation’ means a systematic and planned process to continuously generate, collect, analyse and assess the clinical data pertaining to a device in order to …","»klinisk evaluering«: en systematisk og planlagt proces til løbende at generere, indsamle, analysere og vurdere kliniske data vedrørende udstyr for at verificere …",verified,0.95,2026-09-25T00:00:00Z,seed-2026-09-25;reverified:t0-termbase-2026-09-27
TB-0015,clinical investigation,klinisk afprøvning,regulatory,MDR definitions,MDR 2017/745 Art. 2(45),https://eur-lex.europa.eu/legal-content/EN/TXT/HTML/?uri=CELEX:32017R0745,"‘clinical investigation’ means any systematic investigation involving one or more human subjects, undertaken to assess the safety or performance of a device;","»klinisk afprøvning«: en systematisk afprøvning, der involverer et eller flere mennesker, og som har til formål at vurdere udstyrs sikkerhed eller ydeevne",verified,0.95,2026-09-25T00:00:00Z,seed-2026-09-25;reverified:t0-termbase-2026-09-27
TB-0016,summary of safety and clinical performance,sammenfatning af sikkerhed og klinisk ydeevne,regulatory,MDR definitions,MDR 2017/745 Art. 32 (to be verified at source),https://eur-lex.europa.eu/legal-content/DA/TXT/?uri=CELEX:32017R0745,,NOTE: not an Art. 2 definition (term belongs to MDR Art. 32 and Annex I); cannot be verified from the staged Art. 2 corpus — pending an Art. 32 EN/DA pair.,unverified-seed,0.4,2026-09-25T00:00:00Z,seed-2026-09-25;checked:t0-termbase-2026-09-27
TB-0017,label,mærkning,regulatory,MDR definitions,MDR 2017/745 Art. 2(13),https://eur-lex.europa.eu/legal-content/EN/TXT/HTML/?uri=CELEX:32017R0745,"‘label’ means the written, printed or graphic information appearing either on the device itself, or on the packaging of each unit or on the packaging of multiple devices;","»mærkning«: skriftlige, trykte eller grafiske oplysninger enten på selve udstyret eller på emballagen for hver enkelt enhed eller på emballagen for flere udstyr",verified,0.95,2026-09-25T00:00:00Z,seed-2026-09-25;reverified:t0-termbase-2026-09-27
TB-0018,CE marking of conformity,CE-overensstemmelsesmærkning,regulatory,MDR definitions,MDR 2017/745 Art. 2(43),https://eur-lex.europa.eu/legal-content/EN/TXT/HTML/?uri=CELEX:32017R0745,‘CE marking of conformity’ or ‘CE marking’ means a marking by which a manufacturer indicates that a device is in conformity with the applicable requirements set out in …,"»CE-overensstemmelsesmærkning« eller »CE-mærkning«: mærkning, hvormed en fabrikant angiver, at et udstyr er i overensstemmelse med de gældende krav i denne forordning og …",verified,0.95,2026-09-25T00:00:00Z,seed-2026-09-25;reverified:t0-termbase-2026-09-27
TB-0019,placing on the market,bringe i omsætning,regulatory,MDR definitions,MDR 2017/745 Art. 2(28),https://eur-lex.europa.eu/legal-content/EN/TXT/HTML/?uri=CELEX:32017R0745,"‘placing on the market’ means the first making available of a device, other than an investigational device, on the Union market;","»bringe i omsætning«: første tilgængeliggørelse af et udstyr, bortset fra udstyr bestemt til afprøvning, på EU-markedet",verified,0.95,2026-09-25T00:00:00Z,seed-2026-09-25;reverified:t0-termbase-2026-09-27
TB-0020,putting into service,ibrugtagning,regulatory,MDR definitions,MDR 2017/745 Art. 2(29),https://eur-lex.europa.eu/legal-content/EN/TXT/HTML/?uri=CELEX:32017R0745,"‘putting into service’ means the stage at which a device, other than an investigational device, has been made available to the final user as being ready for use on the …","»ibrugtagning«: det stadium, hvor et udstyr, bortset fra udstyr bestemt til afprøvning, stilles til rådighed for slutbrugeren og er klar til for første gang at blive …",verified,0.95,2026-09-25T00:00:00Z,seed-2026-09-25;reverified:t0-termbase-2026-09-27
TB-0021,making available on the market,tilgængeliggørelse på markedet,regulatory,synonym-of:TB-0045,MDR 2017/745 Art. 2(27),https://eur-lex.europa.eu/legal-content/EN/TXT/HTML/?uri=CELEX:32017R0745,"‘making available on the market’ means any supply of a device, other than an investigational device, for distribution, consumption or use on the Union market in the …","NOTE: seed DA term »tilgængeliggørelse på markedet« is the nominal form; MDR-DA Art. 2(27) defines the verbal form, and the noun »tilgængeliggørelse« occurs only in Art. 2(28). Official MDR-DA term: »gøre tilgængelig på markedet« (see TB-0045). »gøre tilgængelig på markedet«: enhver levering af udstyr, bortset fra udstyr bestemt til afprøvning, med henblik på distribution, forbrug eller anvendelse på …",candidate,0.6,2026-09-25T00:00:00Z,seed-2026-09-25;reverified:t0-termbase-2026-09-27
TB-0022,economic operator,erhvervsdrivende,regulatory,MDR definitions,MDR 2017/745 Art. 2(35),https://eur-lex.europa.eu/legal-content/EN/TXT/HTML/?uri=CELEX:32017R0745,"‘economic operator’ means a manufacturer, an authorised representative, an importer, a distributor or the person referred to in Article 22(1) and 22(3);","»erhvervsdrivende«: en fabrikant, en autoriseret repræsentant, en importør, en distributør eller den person, der er omhandlet i artikel 22, stk. 1, og artikel 22, stk. 3",verified,0.95,2026-09-25T00:00:00Z,seed-2026-09-25;reverified:t0-termbase-2026-09-27
TB-0023,accessory for a medical device,tilbehør til medicinsk udstyr,regulatory,MDR definitions,MDR 2017/745 Art. 2(2),https://eur-lex.europa.eu/legal-content/EN/TXT/HTML/?uri=CELEX:32017R0745,"‘accessory for a medical device’ means an article which, whilst not being itself a medical device, is intended by its manufacturer to be used together with one or …","»tilbehør til medicinsk udstyr«: enhver genstand, der, selv om den ikke i sig selv er medicinsk udstyr, ifølge fabrikanten er bestemt til at blive anvendt sammen med en …",verified,0.95,2026-09-27T00:20:00Z,t0-termbase-2026-09-27
TB-0024,custom-made device,udstyr efter mål,regulatory,MDR definitions,MDR 2017/745 Art. 2(3),https://eur-lex.europa.eu/legal-content/EN/TXT/HTML/?uri=CELEX:32017R0745,‘custom-made device’ means any device specifically made in accordance with a written prescription of any person authorised by national law by virtue of that person's …,"»udstyr efter mål«: ethvert udstyr, der er specialfremstillet efter recept fra enhver person, der i henhold til national ret er autoriseret i kraft af sine faglige …",verified,0.95,2026-09-27T00:20:00Z,t0-termbase-2026-09-27
TB-0025,active device,aktivt udstyr,regulatory,MDR definitions,MDR 2017/745 Art. 2(4),https://eur-lex.europa.eu/legal-content/EN/TXT/HTML/?uri=CELEX:32017R0745,"‘active device’ means any device, the operation of which depends on a source of energy other than that generated by the human body for that purpose, or by gravity, and …","»aktivt udstyr«: ethvert udstyr, som for at kunne fungere er afhængigt af en anden form for energi end den, der udvikles af det menneskelige legeme til dette formål, …",verified,0.95,2026-09-27T00:20:00Z,t0-termbase-2026-09-27
TB-0026,implantable device,implantabelt udstyr,regulatory,MDR definitions,MDR 2017/745 Art. 2(5),https://eur-lex.europa.eu/legal-content/EN/TXT/HTML/?uri=CELEX:32017R0745,"‘implantable device’ means any device, including those that are partially or wholly absorbed, which is intended:","»implantabelt udstyr«: ethvert udstyr, herunder det, der helt eller delvis absorberes, som er bestemt til:",verified,0.95,2026-09-27T00:20:00Z,t0-termbase-2026-09-27
TB-0027,invasive device,invasivt udstyr,regulatory,MDR definitions,MDR 2017/745 Art. 2(6),https://eur-lex.europa.eu/legal-content/EN/TXT/HTML/?uri=CELEX:32017R0745,"‘invasive device’ means any device which, in whole or in part, penetrates inside the body, either through a body orifice or through the surface of the body;","»invasivt udstyr«: ethvert udstyr, som helt eller delvis trænger ind i legemet enten gennem en legemsåbning eller gennem legemets overflade",verified,0.95,2026-09-27T00:20:00Z,t0-termbase-2026-09-27
TB-0028,generic device group,generisk gruppe af udstyr,regulatory,MDR definitions,MDR 2017/745 Art. 2(7),https://eur-lex.europa.eu/legal-content/EN/TXT/HTML/?uri=CELEX:32017R0745,‘generic device group’ means a set of devices having the same or similar intended purposes or a commonality of technology allowing them to be classified in a generic …,"»generisk gruppe af udstyr«: en gruppe af udstyr beregnet til samme eller lignende erklærede formål, eller som er baseret på beslægtet teknologi, hvilket muliggør en …",verified,0.95,2026-09-27T00:20:00Z,t0-termbase-2026-09-27
TB-0029,single-use device,engangsudstyr,regulatory,MDR definitions,MDR 2017/745 Art. 2(8),https://eur-lex.europa.eu/legal-content/EN/TXT/HTML/?uri=CELEX:32017R0745,‘single-use device’ means a device that is intended to be used on one individual during a single procedure;,"»engangsudstyr«: udstyr, der er beregnet til anvendelse på én enkelt person i forbindelse med en enkelt procedure",verified,0.95,2026-09-27T00:20:00Z,t0-termbase-2026-09-27
TB-0030,falsified device,forfalsket udstyr,regulatory,MDR definitions,MDR 2017/745 Art. 2(9),https://eur-lex.europa.eu/legal-content/EN/TXT/HTML/?uri=CELEX:32017R0745,‘falsified device’ means any device with a false presentation of its identity and/or of its source and/or its CE marking certificates or documents relating to CE marking …,»forfalsket udstyr«: ethvert udstyr med en urigtig beskrivelse af dets identitet og/eller dets oprindelse og/eller dets CE-mærkningscertifikater eller dokumenter …,verified,0.95,2026-09-27T00:20:00Z,t0-termbase-2026-09-27
TB-0031,procedure pack,behandlingspakke,regulatory,MDR definitions,MDR 2017/745 Art. 2(10),https://eur-lex.europa.eu/legal-content/EN/TXT/HTML/?uri=CELEX:32017R0745,‘procedure pack’ means a combination of products packaged together and placed on the market with the purpose of being used for a specific medical purpose;,"»behandlingspakke«: en kombination af produkter, der er samlet i en pakke og bragt i omsætning med henblik på at blive anvendt til et specifikt medicinsk formål",verified,0.95,2026-09-27T00:20:00Z,t0-termbase-2026-09-27
TB-0032,system,system,regulatory,MDR definitions,MDR 2017/745 Art. 2(11),https://eur-lex.europa.eu/legal-content/EN/TXT/HTML/?uri=CELEX:32017R0745,"‘system’ means a combination of products, either packaged together or not, which are intended to be inter-connected or combined to achieve a specific medical purpose;","»system«: en kombination af produkter, hvad enten de er samlet i en pakke eller ej, som er bestemt til at blive forbundet indbyrdes eller kombineret for at opfylde et …",verified,0.95,2026-09-27T00:20:00Z,t0-termbase-2026-09-27
TB-0033,Unique Device Identifier,unik udstyrsidentifikationskode,regulatory,MDR definitions,MDR 2017/745 Art. 2(15),https://eur-lex.europa.eu/legal-content/EN/TXT/HTML/?uri=CELEX:32017R0745,‘Unique Device Identifier’ (‘UDI’) means a series of numeric or alphanumeric characters that is created through internationally accepted device identification and coding …,"»unik udstyrsidentifikationskode« (»UDI«): en række numeriske eller alfanumeriske tegn, der udformes ved hjælp af internationalt anerkendte udstyrsidentifikations- og …",verified,0.95,2026-09-27T00:20:00Z,t0-termbase-2026-09-27
TB-0034,non-viable,ikkelevedygtig,regulatory,MDR definitions,MDR 2017/745 Art. 2(16),https://eur-lex.europa.eu/legal-content/EN/TXT/HTML/?uri=CELEX:32017R0745,‘non-viable’ means having no potential for metabolism or multiplication;,»ikkelevedygtig«: uden stofskifte eller evne til formering,verified,0.95,2026-09-27T00:20:00Z,t0-termbase-2026-09-27
TB-0035,derivative,derivat,regulatory,MDR definitions,MDR 2017/745 Art. 2(17),https://eur-lex.europa.eu/legal-content/EN/TXT/HTML/?uri=CELEX:32017R0745,‘derivative’ means a ‘non-cellular substance’ extracted from human or animal tissue or cells through a manufacturing process. The final substance used for manufacturing …,"»derivat«: et »ikkecellulært stof«, der er udvundet af væv eller celler af human eller animalsk oprindelse gennem en fremstillingsproces. Det endelige stof, der anvendes …",verified,0.95,2026-09-27T00:20:00Z,t0-termbase-2026-09-27
TB-0036,nanomaterial,nanomateriale,regulatory,MDR definitions,MDR 2017/745 Art. 2(18),https://eur-lex.europa.eu/legal-content/EN/TXT/HTML/?uri=CELEX:32017R0745,"‘nanomaterial’ means a natural, incidental or manufactured material containing particles in an unbound state or as an aggregate or as an agglomerate and where, for 50 % …","»nanomateriale«: et naturligt, tilfældigt opstået eller fremstillet materiale, der indeholder partikler i ubundet tilstand eller som et aggregat eller et agglomerat, og …",verified,0.95,2026-09-27T00:20:00Z,t0-termbase-2026-09-27
TB-0037,particle,partikel,regulatory,MDR definitions,MDR 2017/745 Art. 2(19),https://eur-lex.europa.eu/legal-content/EN/TXT/HTML/?uri=CELEX:32017R0745,"‘particle’, for the purposes of the definition of nanomaterial in point (18), means a minute piece of matter with defined physical boundaries;","»partikel«: med henblik på definitionen af nanomateriale i nr. 18), et meget lille stykke stof med veldefinerede fysiske grænser",verified,0.95,2026-09-27T00:20:00Z,t0-termbase-2026-09-27
TB-0038,agglomerate,agglomerat,regulatory,MDR definitions,MDR 2017/745 Art. 2(20),https://eur-lex.europa.eu/legal-content/EN/TXT/HTML/?uri=CELEX:32017R0745,"‘agglomerate’, for the purposes of the definition of nanomaterial in point (18), means a collection of weakly bound particles or aggregates where the resulting external …","»agglomerat«: med henblik på definitionen af nanomateriale i nr. 18), en samling løst bundne partikler eller aggregater, hvor det resulterende eksterne overfladeområde …",verified,0.95,2026-09-27T00:20:00Z,t0-termbase-2026-09-27
TB-0039,aggregate,aggregat,regulatory,MDR definitions,MDR 2017/745 Art. 2(21),https://eur-lex.europa.eu/legal-content/EN/TXT/HTML/?uri=CELEX:32017R0745,"‘aggregate’, for the purposes of the definition of nanomaterial in point (18), means a particle comprising of strongly bound or fused particles;","»aggregat«: med henblik på definitionen af nanomateriale i nr. 18), en partikel, der består af tætbundne eller sammensmeltede partikler",verified,0.95,2026-09-27T00:20:00Z,t0-termbase-2026-09-27
TB-0040,performance,ydeevne,regulatory,MDR definitions,MDR 2017/745 Art. 2(22),https://eur-lex.europa.eu/legal-content/EN/TXT/HTML/?uri=CELEX:32017R0745,‘performance’ means the ability of a device to achieve its intended purpose as stated by the manufacturer;,»ydeevne«: udstyrs evne til at opfylde det erklærede formål som angivet af fabrikanten,verified,0.95,2026-09-27T00:20:00Z,t0-termbase-2026-09-27
TB-0041,risk,risiko,regulatory,MDR definitions,MDR 2017/745 Art. 2(23),https://eur-lex.europa.eu/legal-content/EN/TXT/HTML/?uri=CELEX:32017R0745,‘risk’ means the combination of the probability of occurrence of harm and the severity of that harm;,»risiko«: kombination af sandsynligheden for skade og den pågældende skades alvor,verified,0.95,2026-09-27T00:20:00Z,t0-termbase-2026-09-27
TB-0042,benefit-risk determination,afvejning af fordele og risici,regulatory,MDR definitions,MDR 2017/745 Art. 2(24),https://eur-lex.europa.eu/legal-content/EN/TXT/HTML/?uri=CELEX:32017R0745,"‘benefit-risk determination’ means the analysis of all assessments of benefit and risk of possible relevance for the use of the device for the intended purpose, when …","»afvejning af fordele og risici«: analyse af alle vurderinger af fordele og risici af mulig relevans for anvendelsen af udstyret til dets erklærede formål, når det …",verified,0.95,2026-09-27T00:20:00Z,t0-termbase-2026-09-27
TB-0043,compatibility,kompatibilitet,regulatory,MDR definitions,MDR 2017/745 Art. 2(25),https://eur-lex.europa.eu/legal-content/EN/TXT/HTML/?uri=CELEX:32017R0745,"‘compatibility’ is the ability of a device, including software, when used together with one or more other devices in accordance with its intended purpose, to:","»kompatibilitet«: et udstyrs evne, herunder software, når det bruges sammen med et eller flere udstyr i overensstemmelse med sit erklærede formål, til at:",verified,0.95,2026-09-27T00:20:00Z,t0-termbase-2026-09-27
TB-0044,interoperability,interoperabilitet,regulatory,MDR definitions,MDR 2017/745 Art. 2(26),https://eur-lex.europa.eu/legal-content/EN/TXT/HTML/?uri=CELEX:32017R0745,"‘interoperability’ is the ability of two or more devices, including software, from the same manufacturer or from different manufacturers, to:","»interoperabilitet«: den evne, som to eller flere udstyr, herunder software, fra samme fabrikant eller forskellige fabrikanter har til at:",verified,0.95,2026-09-27T00:20:00Z,t0-termbase-2026-09-27
TB-0045,making available on the market,gøre tilgængelig på markedet,regulatory,MDR definitions,MDR 2017/745 Art. 2(27),https://eur-lex.europa.eu/legal-content/EN/TXT/HTML/?uri=CELEX:32017R0745,"‘making available on the market’ means any supply of a device, other than an investigational device, for distribution, consumption or use on the Union market in the …","»gøre tilgængelig på markedet«: enhver levering af udstyr, bortset fra udstyr bestemt til afprøvning, med henblik på distribution, forbrug eller anvendelse på …",verified,0.95,2026-09-27T00:20:00Z,t0-termbase-2026-09-27
TB-0046,fully refurbishing,nyistandsættelse,regulatory,MDR definitions,MDR 2017/745 Art. 2(31),https://eur-lex.europa.eu/legal-content/EN/TXT/HTML/?uri=CELEX:32017R0745,"‘fully refurbishing’, for the purposes of the definition of manufacturer, means the complete rebuilding of a device already placed on the market or put into service, or …","»nyistandsættelse«: med henblik på definitionen af fabrikant, fuldstændig genopbygning af et udstyr, der allerede er bragt i omsætning eller ibrugtaget, eller …",verified,0.95,2026-09-27T00:20:00Z,t0-termbase-2026-09-27
TB-0047,authorised representative,autoriseret repræsentant,regulatory,MDR definitions,MDR 2017/745 Art. 2(32),https://eur-lex.europa.eu/legal-content/EN/TXT/HTML/?uri=CELEX:32017R0745,"‘authorised representative’ means any natural or legal person established within the Union who has received and accepted a written mandate from a manufacturer, located …","»autoriseret repræsentant«: enhver fysisk eller juridisk person, der er etableret i Unionen, og som har modtaget og accepteret en skriftlig fuldmagt fra en fabrikant …",verified,0.95,2026-09-27T00:20:00Z,t0-termbase-2026-09-27
TB-0048,CE marking,CE-mærkning,regulatory,synonym-of:TB-0018,MDR 2017/745 Art. 2(43),https://eur-lex.europa.eu/legal-content/EN/TXT/HTML/?uri=CELEX:32017R0745,‘CE marking of conformity’ or ‘CE marking’ means a marking by which a manufacturer indicates that a device is in conformity with the applicable requirements set out in …,"»CE-overensstemmelsesmærkning« eller »CE-mærkning«: mærkning, hvormed en fabrikant angiver, at et udstyr er i overensstemmelse med de gældende krav i denne forordning og …",verified,0.95,2026-09-27T00:20:00Z,t0-termbase-2026-09-27
